experiment,best_params,accuracy,balanced_accuracy,f1,roc_auc,time_s
"KNN-Clf (Scaffold, k=1)","{'n_neighbors': 15, 'weights': 'distance'}",0.7192118226600985,0.7184041933605125,0.7113461363201148,0.8284313725490196,161.4852864742279
"KNN-Clf (Scaffold, k=3)","{'n_neighbors': 15, 'weights': 'distance'}",0.7192118226600985,0.71830712483013,0.7092837910408378,0.8371675402834401,198.7415759563446
"KNN-Clf (Scaffold, k=5)","{'n_neighbors': 9, 'weights': 'distance'}",0.6600985221674877,0.6587070471753058,0.6304059792763717,0.7797029702970297,275.8447780609131
Random Forest (Scaffold),"{'max_depth': None, 'min_samples_leaf': 1, 'n_estimators': 100}",0.6502463054187192,0.6487089885459134,0.6122486523981678,0.8507571345369831,3.3841445446014404
"SVM-Clf (Scaffold, k=1)","{'C': 10, 'gamma': 0.1}",0.5615763546798029,0.5595030091244418,0.46679396780816657,0.7238400310619298,155.92864847183228
"SVM-Clf (Scaffold, k=3)","{'C': 10, 'gamma': 0.001}",0.6059113300492611,0.6042030673655601,0.5517579157146235,0.7677150067947971,192.42416334152222
"SVM-Clf (Scaffold, k=5)","{'C': 10, 'gamma': 0.001}",0.5665024630541872,0.5644049699087557,0.4700866315610667,0.7706270627062707,384.3012671470642
