experiment,best_params,mae,rmse,r2,time_s
KNN (max_k=1),"{'n_neighbors': 5, 'weights': 'distance'}",0.5990918953076289,0.8091537133107376,0.8564507615953855,78.73507833480835
KNN (max_k=2),"{'n_neighbors': 5, 'weights': 'distance'}",0.6300028008206849,0.8586676723319776,0.8383450323804567,82.3384256362915
KNN (max_k=3),"{'n_neighbors': 5, 'weights': 'distance'}",0.7074170113911733,0.9533543461294874,0.8007274257213889,91.3116774559021
KNN (max_k=4),"{'n_neighbors': 3, 'weights': 'distance'}",0.77165537361383,1.0771528412309492,0.7456138325353965,110.43076372146606
KNN (max_k=5),"{'n_neighbors': 3, 'weights': 'distance'}",0.8582362357456372,1.2187763108902503,0.6743231878311757,122.3921070098877
Random Forest (All Features),"{'max_depth': None, 'min_samples_leaf': 1, 'n_estimators': 200}",0.6171519764011798,0.8356816549737812,0.8468840029082814,67.70046257972717
Random Forest (All Features),"{'max_depth': None, 'min_samples_leaf': 1, 'n_estimators': 200}",0.6171519764011798,0.8356816549737812,0.8468840029082814,135.6017289161682
